﻿Designator,Quantity,Value,Footprint,Package,MPN,DNP,Mount_Type,Description,PROD_ID,Voltage,Tolerance,PARTREV,STANDARD,MANUFACTURER,Mrg Part#
"C1, C2",2,0.1uF,CP_Elec_5x3,,,,smt,Unpolarized capacitor,CAP-25565,16V,10%,,,,
"C6, C7, C8",3,0.1uF,C_0603_1608Metric,,,,smt,Unpolarized capacitor,CAP-00810,25V,20%,,,,
D1,1,Green,LED_0603_1608Metric_Green,,,,smt,Light emitting diode,DIO-00821,,,,,,
J1,1,GameBoy_GamePak_CGB-002,GameBoy_GamePak_CGB-002_P1.50mm_Edge,,,,tht,,,,,,,,
J2,1,TSM-110-01-S-DH-LC,SAMTEC_TSM-110-01-S-DH-LC,,,,smt,,,,,R,Manufacturer Recommendations,Samtec,
J6,1,microSD,microSD_External_Pin,,,,smt,Micro SD socket External Pin,CONN-16110,,,,,,
R1,1,470,R_0603_1608Metric,,,,smt,Resistor,RES-07869,,,,,,
SW1,1,SPDT_Slide_SMD_6.7x2.6mm,Slide_SPST_SMD_6.7x2.6mm,,,,smt,"Switch, single pole double throw",SWCH-10651,,,,,,CUS-12B
"TP1, TP2, TP3, TP4, TP5",5,TestPoint,TestPoint_Pad_D1.0mm,,,,tht,test point,,,,,,,
"U1, U3",2,W25Q16JVSS,SOIC-8_5.3x5.3mm_P1.27mm,,,,smt,"16Mbit / 2MiB Serial Flash Memory, Standard/Dual/Quad SPI, 2.7-3.6V, SOIC-8 (208 mil)",,,,,,,
