﻿pos_x,pos_y,rotation,side,designator,mpn,pack,footprint,value,mount_type
168.75125,-110.33125,0.0,top,C1,,,CP_Elec_5x3,0.1uF,smt
168.72875,-116.22875,0.0,top,C2,,,CP_Elec_5x3,0.1uF,smt
135.41375,-90.32875,-90.0,top,C6,,,C_0603_1608Metric,0.1uF,smt
128.27,-111.265,90.0,top,C7,,,C_0603_1608Metric,0.1uF,smt
128.27,-117.49375,90.0,top,C8,,,C_0603_1608Metric,0.1uF,smt
173.19625,-79.85125,-90.0,top,D1,,,LED_0603_1608Metric_Green,Green,smt
150.0,-130.8,0.0,top,J1,,,GameBoy_GamePak_CGB-002_P1.50mm_Edge,GameBoy_GamePak_CGB-002,tht
157.1625,-77.47,0.0,top,J2,,,SAMTEC_TSM-110-01-S-DH-LC,TSM-110-01-S-DH-LC,smt
134.14375,-76.99375,180.0,top,J6,,,microSD_External_Pin,microSD,smt
173.19625,-83.34375,-90.0,top,R1,,,R_0603_1608Metric,470,smt
127.635,-103.34625,90.0,top,SW1,,,Slide_SPST_SMD_6.7x2.6mm,SPDT_Slide_SMD_6.7x2.6mm,smt
134.14375,-116.5225,180.0,top,U1,,,SOIC-8_5.3x5.3mm_P1.27mm,W25Q16JVSS,smt
134.14375,-110.33125,180.0,top,U3,,,SOIC-8_5.3x5.3mm_P1.27mm,W25Q16JVSS,smt
