﻿pos_x,pos_y,rotation,side,designator,mpn,pack,footprint,value,mount_type
181.2872,-55.1293,0.0,top,,,,,,tht
116.0208,-53.9679,0.0,top,,,,,,tht
137.847,-117.936,0.0,top,+0,,,MGB+BATTERY4,MGB+BATTERY4,tht
129.716,-137.07,0.0,top,-0,,,MGB-BATTERY4,MGB-BATTERY4,tht
165.89375,-90.91,90.0,top,BT1,,,MS621FE_FL11E,MS621FE-FL11E,smt
134.9998,-122.43925,0.0,bottom,BTN_A1,,,GameBoy_A_B_Pad,GameBoy_ButtonPad,smt
121.0425,-127.72625,180.0,bottom,BTN_B1,,,GameBoy_A_B_Pad,GameBoy_ButtonPad,smt
171.07,-126.93,0.0,bottom,BTN_D1,,,GameBoy_DPad,GameBoy_ButtonPad,smt
173.1,-124.9,90.0,bottom,BTN_L1,,,GameBoy_DPad,GameBoy_ButtonPad,smt
169.03875,-124.89875,-90.0,bottom,BTN_R1,,,GameBoy_DPad,GameBoy_ButtonPad,smt
171.07,-122.97,180.0,bottom,BTN_U1,,,GameBoy_DPad,GameBoy_ButtonPad,smt
119.22125,-73.05625,-90.0,top,BZ1,,,Buzzer_CUI_CPT-9019S-SMT,Buzzer,smt
120.65,-127.3175,180.0,top,C1,,,CP_EIA-7343-15_Kemet-W_HandSolder,100uF,smt
170.02875,-153.3525,0.0,bottom,C10,,,C_0805_2012Metric,6.8pF,smt
173.3475,-155.41625,0.0,bottom,C11,,,C_0805_2012Metric,4.7uF,smt
170.02375,-159.0675,0.0,bottom,C12,,,C_0805_2012Metric,6.8pF,smt
162.40125,-147.02125,-90.0,top,C13,,,C_0603_1608Metric,1.0uF,smt
141.605,-82.70875,180.0,top,C14,,,C_0402_1005Metric,2.2uF,smt
159.38125,-90.4875,0.0,top,C15,,,C_0402_1005Metric,0.1uF,smt
141.44625,-90.17,180.0,top,C16,,,C_0402_1005Metric,0.1uF,smt
146.52625,-94.46,-90.0,top,C17,,,C_0402_1005Metric,0.1uF,smt
150.1775,-94.46,-90.0,top,C18,,,C_0402_1005Metric,0.1uF,smt
154.94375,-90.17,0.0,top,C19,,,C_0402_1005Metric,0.1uF,smt
120.84125,-115.72875,180.0,top,C2,,,CP_EIA-7343-15_Kemet-W_HandSolder,47uF,smt
158.75,-88.58625,-90.0,top,C20,,,C_0402_1005Metric,15pF,smt
158.75,-86.67375,90.0,top,C21,,,C_0402_1005Metric,15pF,smt
154.94,-86.20125,0.0,top,C22,,,C_0402_1005Metric,0.1uF,smt
147.95,-80.63,90.0,top,C23,,,C_0402_1005Metric,0.1uF,smt
167.79875,-154.30875,90.0,top,C24,,,C_0402_1005Metric,1.0uF,smt
147.6375,-94.45625,-90.0,top,C25,,,C_0402_1005Metric,0.1uF,smt
161.28625,-84.1375,0.0,top,C26,,,C_0402_1005Metric,1.0uF,smt
155.575,-74.61625,-90.0,top,C27,,,C_0402_1005Metric,1.0uF,smt
166.69375,-144.62125,90.0,bottom,C28,,,CP_EIA-6032-20_AVX-F,0.1uF,smt
126.2,-91.95,-90.0,bottom,C29,,,C_0805_2012Metric,1.0uF,smt
153.8325,-74.295,0.0,top,C3,,,C_0402_1005Metric,33pF,smt
170.82125,-144.62125,90.0,bottom,C30,,,CP_EIA-6032-20_AVX-F,10uF,smt
166.6875,-154.30875,90.0,top,C31,,,C_0402_1005Metric,1.0uF,smt
158.59125,-157.63875,180.0,top,C32,,,C_1206_3216Metric,100uF,smt
158.59125,-160.02,0.0,top,C33,,,C_1206_3216Metric,100uF,smt
166.685,-156.36875,180.0,top,C34,,,C_0805_2012Metric,1.0uF,smt
158.115,-147.703748,-90.0,top,C36,,,C_1206_3216Metric,1.0uF,smt
162.71875,-83.82375,90.0,top,C37,,,C_0402_1005Metric,1.0uF,smt
162.163125,-70.625,-90.0,top,C38,,,C_0402_1005Metric,1.0uF,smt
157.1625,-81.76,90.0,top,C39,,,C_0402_1005Metric,1.0uF,smt
153.8325,-79.375,0.0,top,C4,,,C_0402_1005Metric,33pF,smt
160.9725,-70.625,-90.0,top,C40,,,C_0402_1005Metric,1.0uF,smt
161.925,-158.43625,90.0,top,C41,,,C_0402_1005Metric,1.0uF,smt
176.103534,-158.7575,-90.0,bottom,C42,,,C_0805_2012Metric,1.0uF,smt
141.605,-93.66375,90.0,bottom,C43,,,CP_Elec_6.3x4.5,10uF,smt
149.06625,-93.66375,90.0,bottom,C44,,,CP_Elec_6.3x4.5,10uF,smt
152.4,-80.64125,90.0,top,C47,,,C_0402_1005Metric,0.1uF,smt
180.49875,-158.7525,-90.0,bottom,C48,,,C_0805_2012Metric,4.7uF,smt
167.9575,-77.48875,-90.0,top,C49,,,C_0603_1608Metric,1uF,smt
167.96125,-74.6125,0.0,top,C50,,,C_0402_1005Metric,47nF,smt
160.49625,-147.755,-90.0,top,C52,,,C_1206_3216Metric,1.0uF,smt
166.685,-158.27375,180.0,top,C53,,,C_0805_2012Metric,1.0uF,smt
167.9575,-80.4675,-90.0,top,C54,,,C_0603_1608Metric,0.1uF,smt
149.0,-80.62,90.0,top,C57,,,C_0402_1005Metric,0.1uF,smt
165.735,-96.675,-90.0,bottom,C58,,,C_0402_1005Metric,0.1uF,smt
169.547501,-96.67875,0.0,bottom,C59,,,C_0805_2012Metric,0.1uF,smt
144.4625,-80.80375,90.0,top,C6,,,C_0402_1005Metric,2.2uF,smt
166.84625,-96.675,-90.0,bottom,C60,,,C_0402_1005Metric,0.1uF,smt
171.447499,-77.94625,180.0,top,C61,,,C_0805_2012Metric,1.0uF,smt
157.550002,-150.8125,0.0,top,C62,,,C_0603_1608Metric,1.0uF,smt
166.62,-83.8,0.0,top,C63,,,C_0402_1005Metric,0.1uF,smt
126.19375,-95.449999,90.0,bottom,C64,,,C_0805_2012Metric,1.0uF,smt
157.550001,-152.24125,180.0,top,C65,,,C_0603_1608Metric,1.0uF,smt
169.022499,-70.485,0.0,top,C66,,,C_1206_3216Metric,1.0uF,smt
169.022499,-72.7075,0.0,top,C67,,,C_1206_3216Metric,1.0uF,smt
176.37125,-71.122501,-90.0,bottom,C68,,,C_0805_2012Metric,1.0uF,smt
171.442497,-76.04125,180.0,top,C69,,,C_0805_2012Metric,1.0uF,smt
177.32375,-151.8775,90.0,top,C7,,,C_1206_3216Metric,0.1uF,smt
170.812499,-93.82125,180.0,top,C70,,,C_0805_2012Metric,1.0uF,smt
155.575,-78.74375,90.0,top,C71,,,C_0402_1005Metric,1.0uF,smt
156.005,-69.215,0.0,top,C72,,,C_1206_3216Metric,1.0uF,smt
156.005,-71.59625,0.0,top,C73,,,C_1206_3216Metric,1.0uF,smt
165.57625,-69.16875,90.0,top,C74,,,C_1206_3216Metric,1.0uF,smt
167.96125,-75.565,0.0,top,C75,,,C_0402_1005Metric,0.1uF,smt
176.37125,-74.620003,90.0,bottom,C76,,,C_0805_2012Metric,1.0uF,smt
171.721249,-150.495,180.0,top,C77,,,C_1206_3216Metric,0.1uF,smt
171.721249,-155.41625,180.0,top,C78,,,C_1206_3216Metric,0.1uF,smt
141.1325,-86.51875,180.0,top,C79,,,C_0402_1005Metric,0.1uF,smt
178.27625,-158.7475,-90.0,bottom,C8,,,C_0805_2012Metric,0.1uF,smt
171.721249,-147.955,180.0,top,C80,,,C_1206_3216Metric,0.1uF,smt
173.3525,-150.01875,0.0,bottom,C9,,,C_0805_2012Metric,4.7uF,smt
133.6675,-56.135,0.0,bottom,D1,,,LED_D3.0mm,LED,tht
128.5875,-60.58,0.0,bottom,D10,,,LED_D3.0mm,LED,tht
128.5875,-65.025,0.0,bottom,D11,,,LED_D3.0mm,LED,tht
128.5875,-69.47,0.0,bottom,D12,,,LED_D3.0mm,LED,tht
128.5875,-73.915,0.0,bottom,D13,,,LED_D3.0mm,LED,tht
128.5875,-78.36,0.0,bottom,D14,,,LED_D3.0mm,LED,tht
128.5875,-82.805,0.0,bottom,D15,,,LED_D3.0mm,LED,tht
128.5875,-87.25,0.0,bottom,D16,,,LED_D3.0mm,LED,tht
179.6425,-62.2,90.0,bottom,D17,,,LED_WS2812B-Mini_PLCC4_3.5x3.5mm,RGB,smt
117.1575,-65.43625,90.0,top,D18,,,D_0603_1608Metric,D_Small,smt
152.55875,-160.03875,90.0,bottom,D19,,,LED_0603_1608Metric_Green,Green,smt
133.6675,-60.58,0.0,bottom,D2,,,LED_D3.0mm,LED,tht
154.46375,-160.02625,90.0,bottom,D20,,,LED_0603_1608Metric_Green,Green,smt
156.36875,-160.03875,90.0,bottom,D21,,,LED_0603_1608Metric_Green,Green,smt
133.6675,-65.025,0.0,bottom,D3,,,LED_D3.0mm,LED,tht
133.6675,-69.47,0.0,bottom,D4,,,LED_D3.0mm,LED,tht
133.6675,-73.915,0.0,bottom,D5,,,LED_D3.0mm,LED,tht
133.6675,-78.36,0.0,bottom,D6,,,LED_D3.0mm,LED,tht
133.6675,-82.805,0.0,bottom,D7,,,LED_D3.0mm,LED,tht
133.6675,-87.25,0.0,bottom,D8,,,LED_D3.0mm,LED,tht
128.5875,-56.135,0.0,bottom,D9,,,LED_D3.0mm,LED,tht
141.2875,-85.08125,90.0,top,FB1,,,L_0402_1005Metric,FerriteBead_Small,smt
155.844213,-79.21625,180.0,bottom,J1,,,1.54_IPS_FPC_Solder,Conn_01x12,smt
120.58625,-92.23375,90.0,bottom,J2,,,JST_1x03_P1.0mm_Horizontal_SMD,JST_1mm_3_Vertical,smt
113.8839,-110.6831,0.0,top,J3,,,MGB-CART-CONN,GameBoy_Cartridge,tht
118.58625,-82.70875,-90.0,top,J4,,,1x02_P2.54mm,Conn_01x02,tht
144.302916,-157.1622,90.0,bottom,J5,,,SJ_43514,SJ-43514,tht
146.20875,-58.1025,0.0,top,J6,,,1x09_P2.54mm,Conn_01x09,tht
182.2175,-73.025,90.0,top,J7,,,USB_C_Receptacle_GCT_USB4105-xx-A_16P_TopMnt_Horizontal,USB_C_Receptacle_USB2.0_16P,smt
119.0625,-90.96375,-90.0,top,J8,,,1x02_P2.54mm,Conn_01x02,tht
176.93,-144.4625,180.0,bottom,L1,,,Inductor_7.3x6.6mm,6.8uH,tht
166.03375,-153.9875,180.0,bottom,L2,,,C_0603_1608Metric,600Ω @ 100MHz,smt
157.5375,-155.65,0.0,top,L3,,,L_0603_1608Metric,600Ω @ 100MHz,smt
165.25875,-150.88375,-90.0,bottom,L4,,,L_APV_ANR4020,2.2uH,smt
165.25875,-157.09125,-90.0,bottom,L5,,,L_APV_ANR4020,2.2uH,smt
166.07125,-160.17875,180.0,bottom,L6,,,C_0603_1608Metric,600Ω @ 100MHz,smt
173.753097,-145.493153,-135.0,top,L7,,,L_0603_1608Metric,600Ω @ 100MHz,smt
170.16125,-79.6925,180.0,top,L8,,,C_0603_1608Metric,600Ω @ 100MHz,smt
120.3325,-65.43625,0.0,top,Q1,,,SOT-23,DMG2301L,smt
117.155,-120.49125,90.0,top,Q2,,,SOT-23,FDN306P,smt
160.3225,-61.58,-90.0,top,Q3,,,SOT-23,BSS138,smt
181.45125,-149.0975,-90.0,bottom,R1,,,R_0603_1608Metric,1.4M,smt
163.195,-96.52,180.0,bottom,R10,,,R_0603_1608Metric,10k,smt
154.305,-92.23375,0.0,bottom,R11,,,R_0603_1608Metric,10k,smt
154.305,-90.805,0.0,bottom,R12,,,R_0603_1608Metric,10k,smt
180.6575,-155.28875,-90.0,bottom,R13,,,R_0603_1608Metric,180k,smt
175.60875,-73.81875,180.0,top,R14,,,R_0603_1608Metric,22,smt
175.60875,-72.23125,180.0,top,R15,,,R_0603_1608Metric,22,smt
175.60875,-75.40625,180.0,top,R16,,,R_0603_1608Metric,5.1k,smt
175.895,-63.8175,180.0,bottom,R17,,,R_0603_1608Metric,330,smt
175.895,-62.23,180.0,bottom,R18,,,R_0603_1608Metric,330,smt
175.895,-60.6425,180.0,bottom,R19,,,R_0603_1608Metric,330,smt
118.6175,-62.70625,180.0,top,R2,,,R_0603_1608Metric,330,smt
143.51,-80.8375,90.0,top,R24,,,R_0402_1005Metric,200,smt
141.605,-81.75625,180.0,top,R25,,,R_0402_1005Metric,10,smt
154.94,-87.15375,180.0,top,R26,,,R_0402_1005Metric,1k,smt
121.8325,-81.88375,90.0,top,R27,,,R_0603_1608Metric,10k,smt
160.36875,-64.4525,0.0,top,R28,,,R_0603_1608Metric,10,smt
165.25875,-61.15,-90.0,top,R29,,,R_0603_1608Metric,10k,smt
181.45125,-152.11375,-90.0,bottom,R3,,,R_0603_1608Metric,390k,smt
163.67125,-158.557501,-90.0,top,R30,,,R_0402_1005Metric,10K,smt
163.195,-61.15,90.0,top,R31,,,R_0603_1608Metric,1k,smt
175.60875,-70.64375,180.0,top,R33,,,R_0603_1608Metric,5.1k,smt
172.56125,-152.74875,-90.0,bottom,R35,,,R_0603_1608Metric,453k,smt
174.14875,-152.74875,90.0,bottom,R36,,,R_0603_1608Metric,100k,smt
172.56125,-158.14625,-90.0,bottom,R37,,,R_0603_1608Metric,200k,smt
174.14875,-158.14625,90.0,bottom,R38,,,R_0603_1608Metric,100k,smt
179.07,-155.28875,90.0,bottom,R4,,,R_0603_1608Metric,1.62M,smt
152.55875,-157.45875,90.0,bottom,R41,,,R_0402_1005Metric,330,smt
154.46375,-157.45875,90.0,bottom,R42,,,R_0402_1005Metric,330,smt
156.36875,-157.45875,90.0,bottom,R43,,,R_0402_1005Metric,330,smt
117.13,-123.35125,180.0,top,R44,,,R_0805_2012Metric,100k,smt
143.03375,-76.325001,90.0,top,R45,,,R_0402_1005Metric,2.2K,smt
143.03375,-78.138749,90.0,top,R46,,,R_0402_1005Metric,2.2K,smt
153.035,-94.49,-90.0,top,R47,,,R_0402_1005Metric,2.2K,smt
154.97375,-92.86875,180.0,top,R48,,,R_0402_1005Metric,2.2K,smt
160.02,-88.54875,90.0,top,R49,,,R_0402_1005Metric,1k,smt
154.305,-93.6625,0.0,bottom,R5,,,R_0603_1608Metric,10k,smt
163.35375,-70.625,90.0,top,R50,,,R_0402_1005Metric,100K,smt
155.575,-76.71,90.0,top,R51,,,R_0402_1005Metric,1M,smt
169.2275,-77.9125,-90.0,top,R52,,,R_0402_1005Metric,10,smt
147.2,-158.875,90.0,top,R53,,,R_0603_1608Metric,2.2k,smt
180.01,-146.45,0.0,top,R54,,,R_0402_1005Metric,1.4M,smt
175.6,-155.459999,-90.0,top,R55,,,R_0402_1005Metric,1.4M,smt
176.55,-155.459999,-90.0,top,R56,,,R_0402_1005Metric,1.4M,smt
164.509999,-83.8,0.0,top,R58,,,R_0402_1005Metric,1k,smt
154.305,-95.09125,0.0,bottom,R6,,,R_0603_1608Metric,10k,smt
163.195,-93.6625,180.0,bottom,R7,,,R_0603_1608Metric,10k,smt
163.195,-95.09125,180.0,bottom,R8,,,R_0603_1608Metric,10k,smt
163.195,-92.23375,180.0,bottom,R9,,,R_0603_1608Metric,10k,smt
148.375,-146.05,-90.0,bottom,SELECT1,,,GameBoy_Select_Start,SMD_6x3.5mm_h2.5mm,smt
135.493125,-145.415,-90.0,top,SPK_CONN1,,,1x02,Conn_01x02,tht
160.035,-146.05,-90.0,bottom,START1,,,GameBoy_Select_Start,SMD_6x3.5mm_h2.5mm,smt
118.6,-81.89625,180.0,bottom,SW1,,,Push_SMD_4.6x2.8mm_h2.5mm,SMD_4.6x2.8mm_h2.5mm,smt
118.6,-86.195,0.0,bottom,SW2,,,Push_SMD_4.6x2.8mm_h2.5mm,SMD_4.6x2.8mm_h2.5mm,smt
171.6975,-50.76525,0.0,top,SW3,,,GBP_Power_Switch,MGB-SW1,tht
161.6075,-77.31125,-90.0,top,U1,VS1053B,LQFP-48 VLSI,VS1053b,CODECODER-VS1053B_LQFP48_,smt
162.40125,-153.19375,180.0,top,U10,,,VQFN-32-1EP_5x5mm_P0.5mm_EP3.5x3.5mm,TLV320AIC3100,smt
148.11375,-87.63,90.0,top,U11,,,QFN-80-1EP_10x10mm_P0.4mm_EP3.4x3.4mm,RP2350B,smt
168.36875,-92.71,0.0,bottom,U14,,,SOIC-8_3.9x4.9mm_P1.27mm,DS3231MZ,smt
132.54875,-93.6675,-90.0,bottom,U2,,,TSSOP-28_4.4x9.7mm_P0.65mm,PCA9685PW,smt
177.8,-150.96,0.0,bottom,U3,,,Texas_RSA_VQFN-16-1EP_4x4mm_P0.65mm_EP2.7x2.7mm_ThermalVias,TPS61090,smt
169.66625,-150.5,0.0,bottom,U4,,,SOT-23-5,TLV62569DBV,smt
156.5275,-61.595,90.0,top,U5,,,SOT-23,APX803,smt
158.75,-93.6625,90.0,bottom,U6,,,TSSOP-16_4.4x5mm_P0.65mm,74HC165,smt
176.43875,-155.19,90.0,bottom,U7,,,SOT-583-8,TPS2116DRL,smt
169.66625,-156.215,0.0,bottom,U8,,,SOT-23-5,TLV62569DBV,smt
116.0208,-53.9679,0.0,top,UNK_HOLE_0,,,dummyfp0,,tht
181.2872,-55.1293,0.0,top,UNK_HOLE_1,,,dummyfp1,,tht
182.8141,-115.2097,0.0,top,UNK_HOLE_10,,,dummyfp10,,tht
126.5161,-131.1696,0.0,top,UNK_HOLE_11,,,dummyfp11,,tht
136.4437,-139.7732,0.0,top,UNK_HOLE_12,,,dummyfp12,,tht
115.9201,-133.0776,0.0,top,UNK_HOLE_4,,,dummyfp4,,tht
181.1715,-138.7602,0.0,top,UNK_HOLE_5,,,dummyfp5,,tht
153.9421,-128.4316,0.0,top,UNK_HOLE_6,,,dummyfp6,,tht
159.3861,-135.0056,0.0,top,UNK_HOLE_7,,,dummyfp7,,tht
160.4021,-139.9078,0.0,top,UNK_HOLE_8,,,dummyfp8,,tht
129.4633,-121.115,0.0,top,UNK_HOLE_9,,,dummyfp9,,tht
179.705,-86.995,-90.0,top,VR1,RK10J11R0A0L,,RK10J11R0A0L,RK10J11R0A0L,tht
153.82875,-76.855,-90.0,top,Y2,,,Crystal_SMD_3.2x1.5mm,12.288M,smt
157.00375,-87.63,90.0,top,Y3,,,Crystal_SMD_3.2x1.5mm,32.768kHz,smt
345.91875,-49.68875,0.0,top,ZOOM_CAP1,,,C_0805_2012Metric,4.7uF,smt
