﻿Designator,Quantity,Value,Footprint,Package,MPN,DNP,Mount_Type,Description,PARTREV,STANDARD,SNAPEDA_PN,MAXIMUM_PACKAGE_HEIGHT,MANUFACTURER,PROD_ID,Voltage,Tolerance,Sim.Device,Sim.Pins,PART_REV,Current,Mfg Part#,MF,Description_1,Price,VALUE,SnapEDA_Link,MP,Availability,Check_prices,Height,Manufacturer_Name,Mouser Part Number,Mouser Price/Stock
", ",2,,,,,,tht,,,,,,,,,,,,,,,,,,,,,,,,,,
+0,1,MGB+BATTERY4,MGB+BATTERY4,,,,tht,,,,,,,,,,,,,,,,,,,,,,,,,,
-0,1,MGB-BATTERY4,MGB-BATTERY4,,,,tht,,,,,,,,,,,,,,,,,,,,,,,,,,
"BTN_A1, BTN_B1",2,GameBoy_ButtonPad,GameBoy_A_B_Pad,,,,smt,Single Pole Single Throw (SPST) switch,A,Manufacturer Recommendations,5134TR,0.6mm,Keystone Electronics,SWCH-12265,,,,,,,,,,,,,,,,,,,
"BTN_D1, BTN_L1, BTN_R1, BTN_U1",4,GameBoy_ButtonPad,GameBoy_DPad,,,,smt,Single Pole Single Throw (SPST) switch,,,,,,SWCH-12265,,,,,,,,,,,,,,,,,,,
BZ1,1,Buzzer,Buzzer_CUI_CPT-9019S-SMT,,,,smt,"Buzzer, polarized",,,,,,,,,,,,,,,,,,,,,,,,,
C1,1,100uF,CP_EIA-7343-15_Kemet-W_HandSolder,,,,smt,Polarized tantalum capacitor,,,,,,CAP-08310,10V,10%,,,,,,,,,,,,,,,,,
"C10, C12",2,6.8pF,C_0805_2012Metric,,,,smt,Unpolarized capacitor,,,,,,CAP-08064,25V,10%,,,,,,,,,,,,,,,,,
"C11, C48, C9, ZOOM_CAP1",4,4.7uF,C_0805_2012Metric,,,,smt,Unpolarized capacitor,,,,,,CAP-08064,25V,10%,,,,,,,,,,,,,,,,,
"C13, C62, C65",3,1.0uF,C_0603_1608Metric,,,,smt,Unpolarized capacitor,,,,,,CAP-08064,25V,10%,,,,,,,,,,,,,,,,,
"C14, C6",2,2.2uF,C_0402_1005Metric,,,,smt,"Unpolarized capacitor, small symbol",,,,,,,,,,,,,,,,,,,,,,,,,
"C15, C16, C17, C18, C19, C22, C23, C25, C47, C57, C58, C60, C75, C79",14,0.1uF,C_0402_1005Metric,,,,smt,Unpolarized capacitor,,,,,,[C15]CAP-00810; [C79]CAP-25565; [C75]CAP-08064,[C75]25V; [C79]16V,"[C15]20%; [C16,C17,C18,C19,C22,C23,C25,C47,C57,C58,C60,C75,C79]10%",,,,,,,,,,,,,,,,,
C2,1,47uF,CP_EIA-7343-15_Kemet-W_HandSolder,,,,smt,Polarized tantalum capacitor,,,,,,CAP-08310,10V,10%,,,,,,,,,,,,,,,,,
"C20, C21",2,15pF,C_0402_1005Metric,,,,smt,Unpolarized capacitor,,,,,,CAP-08267,50V,5%,,,,,,,,,,,,,,,,,
"C24, C26, C27, C31, C37, C38, C39, C40, C41, C71",10,1.0uF,C_0402_1005Metric,,,,smt,Unpolarized capacitor,,,,,,[C41]CAP-08064; [C71]CAP-25565,[C41]25V; [C71]16V,10%,,,,,,,,,,,,,,,,,
C28,1,0.1uF,CP_EIA-6032-20_AVX-F,,,,smt,Polarized tantalum capacitor,,,,,,CAP-08310,10V,10%,,,,,,,,,,,,,,,,,
"C29, C34, C42, C53, C61, C64, C68, C69, C70, C76",10,1.0uF,C_0805_2012Metric,,,,smt,Unpolarized capacitor,,,,,,CAP-08064,25V,10%,,,,,,,,,,,,,,,,,
"C3, C4",2,33pF,C_0402_1005Metric,,,,smt,Unpolarized capacitor,,,,,,CAP-25012,50V,5%,,,,,,,,,,,,,,,,,
C30,1,10uF,CP_EIA-6032-20_AVX-F,,,,smt,Polarized tantalum capacitor,,,,,,CAP-08310,10V,10%,,,,,,,,,,,,,,,,,
"C32, C33",2,100uF,C_1206_3216Metric,,,,smt,Unpolarized capacitor,,,,,,CAP-24990,10V,20%,,,,,,,,,,,,,,,,,
"C36, C52, C66, C67, C72, C73, C74",7,1.0uF,C_1206_3216Metric,,,,smt,Unpolarized capacitor,,,,,,CAP-08064,25V,10%,,,,,,,,,,,,,,,,,
"C43, C44",2,10uF,CP_Elec_6.3x4.5,,,,smt,Capacitor Tantalum 10uF 6.3V +/-20% 0603,,,,,,CAP-13210,6.3V,20%,,,,,,,,,,,,,,,,,
C49,1,1uF,C_0603_1608Metric,,,,smt,Unpolarized capacitor,,,,,,CAP-08064,25V,10%,,,,,,,,,,,,,,,,,
C50,1,47nF,C_0402_1005Metric,,,,smt,Unpolarized capacitor,,,,,,CAP-08064,25V,10%,,,,,,,,,,,,,,,,,
C54,1,0.1uF,C_0603_1608Metric,,,,smt,Unpolarized capacitor,,,,,,CAP-08064,25V,10%,,,,,,,,,,,,,,,,,
"C59, C8",2,0.1uF,C_0805_2012Metric,,,,smt,Unpolarized capacitor,,,,,,[C59]CAP-25565; [C8]CAP-08064,[C59]16V; [C8]25V,10%,,,,,,,,,,,,,,,,,
"C7, C77, C78, C80",4,0.1uF,C_1206_3216Metric,,,,smt,Unpolarized capacitor,,,,,,CAP-08064,25V,10%,,,,,,,,,,,,,,,,,
"D1, D10, D11, D12, D13, D14, D15, D16, D2, D3, D4, D5, D6, D7, D8, D9",16,LED,LED_D3.0mm,,,,tht,Light emitting diode,,,,,,LED-,,,,,,,,,,,,,,,,,,,
D17,1,RGB,LED_WS2812B-Mini_PLCC4_3.5x3.5mm,,,,smt,"RGB LED, cathode/red/green/blue",,,,,,,,,,,,,,,,,,,,,,,,,
D18,1,D_Small,D_0603_1608Metric,,,,smt,"Diode, small symbol",,,,,,,,,D,1=K 2=A,,,,,,,,,,,,,,,
"D19, D20, D21",3,Green,LED_0603_1608Metric_Green,,,,smt,Light emitting diode,,,,,,DIO-00821,,,,,,,,,,,,,,,,,,,
FB1,1,FerriteBead_Small,L_0402_1005Metric,,,,smt,"Ferrite bead, small symbol",,,,,,,,,,,,,,,,,,,,,,,,,
J1,1,Conn_01x12,1.54_IPS_FPC_Solder,,,,smt,"Basic 0.1"" PTH",,,,,,,,,,,,,,,,,,,,,,,,,
J2,1,JST_1mm_3_Vertical,JST_1x03_P1.0mm_Horizontal_SMD,,,,smt,3 Pin 1mm JST Connector,,,,,,CONN-24642,,,,,,,,,,,,,,,,,,,
J3,1,GameBoy_Cartridge,MGB-CART-CONN,,,,tht,Game Boy cartridge edge connector,,,,,,,,,,,,,,,,,,,,,,,,,
"J4, J8",2,Conn_01x02,1x02_P2.54mm,,,,tht,"Basic 0.1"" PTH",,,,,,,,,,,,,,,,,,,,,,,,,
J5,1,SJ-43514,SJ_43514,,,,tht,,,MANUFACTURER RECOMMENDATIONS,,,CUI INC,,,,,,1.04,,,,,,,,,,,,,,
J6,1,Conn_01x09,1x09_P2.54mm,,,,tht,"Basic 0.1"" PTH",,,,,,,,,,,,,,,,,,,,,,,,,
J7,1,USB_C_Receptacle_USB2.0_16P,USB_C_Receptacle_GCT_USB4105-xx-A_16P_TopMnt_Horizontal,,,,smt,USB 2.0-only 16P Type-C Receptacle connector,,,,,,,,,,,,,,,,,,,,,,,,,
L1,1,6.8uH,Inductor_7.3x6.6mm,,,,tht,Inductor,,,,,,NDUC-17223,,,,,,4.5A,,,,,,,,,,,,,
"L2, L6, L8",3,600Ω @ 100MHz,C_0603_1608Metric,,,,smt,Inductor,,,,,,NDUC-25563,,,,,,,,,,,,,,,,,,,
"L3, L7",2,600Ω @ 100MHz,L_0603_1608Metric,,,,smt,Inductor,,,,,,NDUC-25563,,,,,,,,,,,,,,,,,,,
"L4, L5",2,2.2uH,L_APV_ANR4020,,,,smt,Inductor,,,,,, XAL4020-222ME,,,,,,5.5A,,,,,,,,,,,,,
Q1,1,DMG2301L,SOT-23,,,,smt,"-3A Id, -20V Vds, P-Channel MOSFET, SOT-23",,,,,,,,,,,,,,,,,,,,,,,,,
Q2,1,FDN306P,SOT-23,,,,smt,"-2A Id, -20V Vds, P-Channel MOSFET, 70mOhm Ron, SOT-23",,,,,,,,,,,,,,,,,,,,,,,,,
Q3,1,BSS138,SOT-23,,,,smt,"50V Vds, 0.22A Id, N-Channel MOSFET, SOT-23",,,,,,,,,,,,,,,,,,,,,,,,,
R1,1,1.4M,R_0603_1608Metric,,,,smt,Resistor,,,,,,RES-07856,,,,,,,,,,,,,,,,,,,
"R10, R11, R12, R27, R29, R5, R6, R7, R8, R9",10,10k,R_0603_1608Metric,,,,smt,Resistor,,,,,,"[R29,R5,R6,R7,R8,R9]RES-07856; [R27]RES-00818",,,,,,,,,,,,,,,,,,,
R13,1,180k,R_0603_1608Metric,,,,smt,Resistor,,,,,,RES-07856,,,,,,,,,,,,,,,,,,,
"R14, R15",2,22,C_0402_1005Metric,,,,smt,Resistor,,,,,,RES-09334,,,,,,,,,,,,,,,,,,,
"R16, R33",2,5.1k,R_0603_1608Metric,,,,smt,Resistor,,,,,,RES-07856,,,,,,,,,,,,,,,,,,,
"R17, R18, R19, R2",4,330,R_0603_1608Metric,,,,smt,Resistor,,,,,,RES-00818,,,,,,,,,,,,,,,,,,,
R24,1,200,R_0402_1005Metric,,,,smt,Resistor,,,,,,RES-00818,,,,,,,,,,,,,,,,,,,
"R25, R52",2,10,R_0402_1005Metric,,,,smt,Resistor,,,,,,[R25]RES-00818; [R52]RES-25018,,,,,,,,,,,,,,,,,,,
"R26, R49",2,1k,R_0402_1005Metric,,,,smt,Resistor,,,,,,RES-07856,,,,,,,,,,,,,,,,,,,
R28,1,10,R_0603_1608Metric,,,,smt,Resistor,,,,,,RES-07856,,,,,,,,,,,,,,,,,,,
R3,1,390k,R_0603_1608Metric,,,,smt,Resistor,,,,,,RES-07856,,,,,,,,,,,,,,,,,,,
R30,1,10K,R_0402_1005Metric,,,,smt,Resistor,,,,,,RES-25018,,,,,,,,,,,,,,,,,,,
R31,1,1k,R_0603_1608Metric,,,,smt,Resistor,,,,,,RES-07856,,,,,,,,,,,,,,,,,,,
R35,1,453k,R_0603_1608Metric,,,,smt,Resistor,,,,,,RES-07856,,,,,,,,,,,,,,,,,,,
"R36, R38",2,100k,R_0603_1608Metric,,,,smt,Resistor,,,,,,RES-07856,,,,,,,,,,,,,,,,,,,
R37,1,200k,R_0603_1608Metric,,,,smt,Resistor,,,,,,RES-07856,,,,,,,,,,,,,,,,,,,
R4,1,1.62M,R_0603_1608Metric,,,,smt,Resistor,,,,,,RES-07856,,,,,,,,,,,,,,,,,,,
"R41, R42, R43",3,330,R_0402_1005Metric,,,,smt,Resistor,,,,,,RES-08270,,,,,,,,,,,,,,,,,,,
R44,1,100k,R_0805_2012Metric,,,,smt,Resistor,,,,,,RES-07856,,,,,,,,,,,,,,,,,,,
"R45, R46, R47, R48",4,2.2K,R_0402_1005Metric,,,,smt,Resistor,,,,,,RES-00818,,,,,,,,,,,,,,,,,,,
R50,1,100K,R_0402_1005Metric,,,,smt,Resistor,,,,,,RES-25018,,,,,,,,,,,,,,,,,,,
R51,1,1M,R_0402_1005Metric,,,,smt,Resistor,,,,,,RES-25018,,,,,,,,,,,,,,,,,,,
R53,1,2.2k,R_0603_1608Metric,,,,smt,Resistor,,,,,,RES-25018,,,,,,,,,,,,,,,,,,,
"R54, R55, R56",3,1.4M,R_0402_1005Metric,,,,smt,Resistor,,,,,,RES-07856,,,,,,,,,,,,,,,,,,,
"SELECT1, START1",2,SMD_6x3.5mm_h2.5mm,GameBoy_Select_Start,,,,smt,Single Pole Single Throw (SPST) switch,,,,,,SWCH-14278,,,,,,,8-004 SMD Button 8x3.6mm Height=2.5mm,,,,,,,,,,,,
SPK_CONN1,1,Conn_01x02,1x02,,,,tht,"Generic connector, single row, 01x02, script generated (kicad-library-utils/schlib/autogen/connector/)",,,,,,,,,,,,,,,,,,,,,,,,,
"SW1, SW2",2,SMD_4.6x2.8mm_h2.5mm,Push_SMD_4.6x2.8mm_h2.5mm,,,,smt,Single Pole Single Throw (SPST) switch,,,,,,SWCH-15606,,,,,,,,,,,,,,,,,,,
SW3,1,MGB-SW1,GBP_Power_Switch,,,,tht,,,,,,,,,,,,,,,,,,,,,,,,,,
"TP1, TP10, TP12, TP2, TP23, TP24, TP25, TP26, TP27, TP31, TP32, TP33",12,TestPoint_Alt,TestPoint_Pad_D1.0mm,,,,tht,test point (alternative shape),,,,,,,,,,,,,,,,,,,,,,,,,
"TP13, TP16, TP17, TP22, TP3, TP30, TP4, TP5, TP6, TP7, TP8, TP9",12,TestPoint_Alt,TestPoint_Pad_1.5x1.5mm,,,,tht,test point (alternative shape),,,,,,,,,,,,,,,,,,,,,,,,,
"TP14, TP15",2,TestPoint,TestPoint_Pad_D1.0mm,,,,tht,test point,,,,,,,,,,,,,,,,,,,,,,,,,
U1,1,CODECODER-VS1053B_LQFP48_,VS1053b,LQFP-48 VLSI,VS1053B,,smt,,,,,,,,,,,,,,,VLSI,VS1053B MP3/WAV/OGG/MIDI Player & Recorder (CODEC) Chip,None,VS1053B-lqfp48,https://www.snapeda.com/parts/VS1053B-L/VLSI/view-part/?ref=snap,VS1053B-L,Not in stock,https://www.snapeda.com/parts/VS1053B-L/VLSI/view-part/?ref=eda,,,,
U10,1,TLV320AIC3100,VQFN-32-1EP_5x5mm_P0.5mm_EP3.5x3.5mm,,,,smt,"Low Power Audio Codec with Audio Processing and Mono Class‑D Amplifier, VQFN-32",,,,,,,,,,,,,,,,,,,,,,,,,
U11,1,RP2350B,QFN-80-1EP_10x10mm_P0.4mm_EP3.4x3.4mm,,,,smt,Raspberry Pi RP2350B 150MHz Dual ARM Cortex-M33 Microcontroller IC QFN-80,,,,,,IC-23690,,,,,,,,,,,,,,,,,,,
U12,1,USBLC6-2P6,SOT-666,,,,smt,"Very low capacitance ESD protection diode, 2 data-line, SOT-666",,,,,,,,,,,,,,,,,,,,,,,,,
U14,1,FM24C64C,SOIC-8_3.9x4.9mm_P1.27mm,,,,smt,"64Kb serial FRAM nonvolatile Memory, SOIC-8",,,,,,,,,,,,,,,,,,,,,,,,,
U2,1,PCA9685PW,TSSOP-28_4.4x9.7mm_P0.65mm,,,,smt,16-channel 12-bit PWM Fm+ I2C-bus LED controller RGBA TSSOP,,,,,,,,,,,,,,,,,,,,,,,,,
U3,1,TPS61090,Texas_RSA_VQFN-16-1EP_4x4mm_P0.65mm_EP2.7x2.7mm_ThermalVias,,,,smt,"2A Step-Up DC-DC Converter for Batteries, Isw up to 2500mA, Adjustable output voltage, QFN-16",,,,,,,,,,,,,,,,,,,,,,,,,
"U4, U8",2,TLV62569DBV,SOT-23-5,,,,smt,"High Efficiency Synchronous Buck Converter, Adjustable Output 0.6V-5.5V, 2A, SOT-23-5",,,,,,,,,,,,,,,,,,,,,,,,,
U5,1,APX803,SOT-23,,,,smt,"Microprocessor Reset (active-high) Circuit, SOT-23",,,,,,,,,,,,,,,,,,,,,,,,,
U6,1,74HC165,TSSOP-16_4.4x5mm_P0.65mm,,,,smt,"Shift Register, 8-bit, Parallel Load",,,,,,,,,,,,,,,,,,,,,,,,,
U7,1,TPS2116DRL,SOT-583-8,,,,smt,"2 Channnels Power Mux with Manual and Priority Switchover, 1.6-5.5V Input Voltage, 2.5A Output Current, Ron 40 mOhm, SOT-583-8",,,,,,,,,,,,,,,,,,,,,,,,,
UNK_HOLE_0,1,,dummyfp0,,,,tht,,,,,,,,,,,,,,,,,,,,,,,,,,
UNK_HOLE_1,1,,dummyfp1,,,,tht,,,,,,,,,,,,,,,,,,,,,,,,,,
UNK_HOLE_10,1,,dummyfp10,,,,tht,,,,,,,,,,,,,,,,,,,,,,,,,,
UNK_HOLE_11,1,,dummyfp11,,,,tht,,,,,,,,,,,,,,,,,,,,,,,,,,
UNK_HOLE_12,1,,dummyfp12,,,,tht,,,,,,,,,,,,,,,,,,,,,,,,,,
UNK_HOLE_4,1,,dummyfp4,,,,tht,,,,,,,,,,,,,,,,,,,,,,,,,,
UNK_HOLE_5,1,,dummyfp5,,,,tht,,,,,,,,,,,,,,,,,,,,,,,,,,
UNK_HOLE_6,1,,dummyfp6,,,,tht,,,,,,,,,,,,,,,,,,,,,,,,,,
UNK_HOLE_7,1,,dummyfp7,,,,tht,,,,,,,,,,,,,,,,,,,,,,,,,,
UNK_HOLE_8,1,,dummyfp8,,,,tht,,,,,,,,,,,,,,,,,,,,,,,,,,
UNK_HOLE_9,1,,dummyfp9,,,,tht,,,,,,,,,,,,,,,,,,,,,,,,,,
VR1,1,RK10J11R0A0L,RK10J11R0A0L,,RK10J11R0A0L,,tht,"Potentiometers Reflow type / Single-unit / 10k ohm, 1B / Knob : 14mm Dia., t1.0mm, Black",,,,,,,,,,,,,,,,,,,,,,2.5,ALPS Electric,688-RK10J11R0A0L,https://www.mouser.co.uk/ProductDetail/Alps-Alpine/RK10J11R0A0L?qs=Znm5pLBrcAL1zllbHYGC1Q%3D%3D
Y2,1,12.288M,Crystal_SMD_3.2x1.5mm,,,,smt,Crystal,,,,,,XTAL-13062,,,,,,,,,,,,,,,,,,,
Y3,1,32.768kHz,Crystal_SMD_3.2x1.5mm,,,,smt,Crystal,,,,,,XTAL-13062,,,,,,,,,,,,,,,,,,,
